title,draft,date,last edited time,summary,authors,categories,tags,series,custom-front-matter,source
Konflik Sudan,No,7 November 2025,27 Desember 2025 06.22,,,,"My Note, Politik Luar Negeri",,,
Matan At-Tanbih,No,12 November 2025,27 Desember 2025 06.22,,,,My Note,,,
Mafahim Hizbut Tahrir,No,12 November 2025,27 Desember 2025 06.22,,,,My Note,,,
How the Economic Machine Works,No,12 November 2025,27 Desember 2025 06.22,,,,My Note,,,
The Catalyst,No,12 November 2025,27 Desember 2025 06.22,,,,My Note,,,
Mafahim Siyasiyah Hizbut Tahrir,No,12 November 2025,27 Desember 2025 06.22,,,,My Note,,,
NgeSlow,No,12 November 2025,27 Desember 2025 06.22,,,,My Note,,,
Bandara IMIP Morowa,No,10 Desember 2025,27 Desember 2025 06.22,,,,My Note,,,
Banjir Sumatra,No,13 Desember 2025,27 Desember 2025 06.22,,,,My Note,,,
Mus’ab bin Umair,No,,27 Desember 2025 06.22,,,,My Note,,,